CMT_Corner_ID,Street_Name1,Street_Name2,Borough,Community_District,Block,Lot,Complaint_ID,Complaint_Date,Temp_Repair_Feasible,Temp_Repair_Date,Temp_Repair_Type,Second_Temp_Repair_Needed,Date_Second_Temp_Repair,BulkComplaint
1084822,BROADWAY,BROOME STREET,MANHATTAN,102,473,14,311-22061003,02/25/2025,No,,,No,,Yes
1033872,BROADWAY,THORNTON STREET,BROOKLYN,301,2276,16,311-22211458,03/11/2025,No,,,No,,No
1085527,BROADWAY,HOWARD STREET,MANHATTAN,102,209,5,311-22061003,02/25/2025,No,,,No,,Yes
1085002,BROADWAY,EAST HOUSTON STREET,MANHATTAN,102,512,7502,311-22061003,02/25/2025,No,,,No,,Yes
1085524,BROADWAY,HOWARD STREET,MANHATTAN,102,231,8,311-22061003,02/25/2025,No,,,No,,Yes
1084820,BROADWAY,BROOME STREET,MANHATTAN,102,474,29,311-22061003,02/25/2025,No,,,No,,Yes
1000496,BROADWAY,CATHERINE LANE,MANHATTAN,101,170,6,1-1-1707519431,04/13/2019,No,,,No,,
1091154,BROADWAY,WEST 87 STREET,MANHATTAN,107,1235,42,311-22115589,03/03/2025,Yes,03/25/2025,Other,No,,No
1087020,THOMAS STREET,WEST BROADWAY,MANHATTAN,101,147,7501,311-00273971,07/31/2019,No,,,No,,
1085131,BROADWAY,WASHINGTON PLACE,MANHATTAN,102,545,8,311-22143598,03/05/2025,Pending Determination,,,No,,No
1085525,BROADWAY,HOWARD STREET,MANHATTAN,102,231,14,311-22061003,02/25/2025,No,,,No,,Yes
1085614,BROADWAY,CANAL STREET,MANHATTAN,101,231,12,311-22061003,02/25/2025,No,,,No,,Yes
1084945,BROADWAY,PRINCE STREET,MANHATTAN,102,498,5,311-22061003,02/25/2025,No,,,No,,Yes
1085615,BROADWAY,CANAL STREET,MANHATTAN,101,209,1,311-22061003,02/25/2025,No,,,No,,Yes
1085500,BROADWAY,GRAND STREET,MANHATTAN,102,231,30,311-21921413,02/13/2025,Yes,03/06/2025,Other,No,,No
1085502,BROADWAY,GRAND STREET,MANHATTAN,102,473,1,311-22061003,02/25/2025,No,,,No,,Yes
1084947,BROADWAY,PRINCE STREET,MANHATTAN,102,511,1,311-22061003,02/25/2025,No,,,No,,Yes
1085004,BROADWAY,EAST HOUSTON STREET,MANHATTAN,102,511,19,311-22061003,02/25/2025,No,,,No,,Yes
1084821,BROADWAY,BROOME STREET,MANHATTAN,102,484,28,311-22061003,02/25/2025,No,,,No,,Yes
1033874,BROADWAY,DEBEVOISE STREET,BROOKLYN,301,3119,1,311-22211458,03/11/2025,No,,,No,,No
1085130,BROADWAY,WASHINGTON PLACE,MANHATTAN,102,545,11,311-22143598,03/05/2025,Pending Determination,,,No,,No
1198490,BROADWAY,EXCHANGE ALLEY,MANHATTAN,101,23,7,311-21888508,02/10/2025,Yes,03/05/2025,Other,No,,No
1084797,BROADWAY,SPRING STREET,MANHATTAN,102,498,23,311-22061003,02/25/2025,No,,,No,,Yes
1085526,BROADWAY,HOWARD STREET,MANHATTAN,102,232,1,311-22061003,02/25/2025,No,,,No,,Yes
1091076,BROADWAY,WEST 92 STREET,MANHATTAN,107,1239,44,311-22058054,02/25/2025,Yes,03/14/2025,Other,No,,No
1084796,BROADWAY,SPRING STREET,MANHATTAN,102,484,9,311-22061003,02/25/2025,No,,,No,,Yes
1085503,BROADWAY,GRAND STREET,MANHATTAN,102,232,12,311-22061003,02/25/2025,No,,,No,,Yes
1085003,BROADWAY,EAST HOUSTON STREET,MANHATTAN,102,523,48,311-22061003,02/25/2025,No,,,No,,Yes
1087111,PARK PLACE,WEST BROADWAY,MANHATTAN,101,125,20,311-22207368,03/11/2025,Yes,03/25/2025,Other,No,,No
1085005,BROADWAY,EAST HOUSTON STREET,MANHATTAN,102,522,1,311-22061003,02/25/2025,No,,,No,,Yes
1084823,BROADWAY,BROOME STREET,MANHATTAN,102,483,1,311-22061003,02/25/2025,No,,,No,,Yes
1084799,BROADWAY,SPRING STREET,MANHATTAN,102,483,17,311-22061003,02/25/2025,No,,,No,,Yes
1084946,BROADWAY,PRINCE STREET,MANHATTAN,102,497,18,311-22061003,02/25/2025,No,,,No,,Yes
1033873,BROADWAY,DEBEVOISE STREET,BROOKLYN,301,3126,6,311-22211458,03/11/2025,No,,,No,,No
1084798,BROADWAY,SPRING STREET,MANHATTAN,102,497,1,311-22061003,02/25/2025,No,,,No,,Yes
1085501,BROADWAY,GRAND STREET,MANHATTAN,102,474,7506,311-22061003,02/25/2025,No,,,No,,Yes
1084939,PRINCE STREET,WEST BROADWAY,MANHATTAN,102,515,45,311-00772137,10/01/2019,No,,,No,,
1091508,BROADWAY,WEST 73 STREET,MANHATTAN,107,1165,7503,DOT-693767-W9M5,04/25/2025,No,,,No,,No
1091551,BROADWAY,WEST 72 STREET,MANHATTAN,107,1163,7503,311-22632829,04/19/2025,Yes,04/28/2025,Other,No,,No
1092641,BROADWAY,WEST 112 STREET,MANHATTAN,109,1895,16,311-22526964,04/09/2025,Yes,04/22/2025,Other,No,,No
1092187,BROADWAY,WEST 145 STREET,MANHATTAN,109,2092,26,311-00224654,07/25/2019,No,,,No,,
1089058,BROADWAY,WEST 50 STREET,MANHATTAN,105,1021,45,311-22450980,04/02/2025,Yes,04/28/2025,Other,No,,No
1091580,BROADWAY,WEST 69 STREET,MANHATTAN,107,1141,13,311-22439371,04/01/2025,Yes,04/11/2025,Other,No,,No
1056969,65 STREET,BROADWAY,QUEENS,402,1202,1,311-22532997,04/10/2025,Yes,04/17/2025,Other,No,,No
1033875,BROADWAY,THORNTON STREET,BROOKLYN,301,2275,11,311-22211458,03/11/2025,Yes,04/14/2025,Other,No,,No
1095612,BROADWAY,WEST 183 STREET,MANHATTAN,112,2164,16,DOT-430138-Q3J0,08/30/2019,No,,,No,,
1091170,BROADWAY,WEST 90 STREET,MANHATTAN,107,1237,7502,311-22730187,04/28/2025,Yes,05/19/2025,Other,No,,No
1091559,BROADWAY,WEST 71 STREET,MANHATTAN,107,1163,30,DOT-698271-P2P1,05/27/2025,No,,,No,,
1087343,BROADWAY,WALL STREET,MANHATTAN,101,49,1,311-21823592,02/04/2025,No,,,No,,No
1090899,BROADWAY,WEST 109 STREET,MANHATTAN,107,1880,61,311-22832865,05/07/2025,Yes,05/19/2025,Other,No,,No
1010982,BROADWAY,WEST 231 STREET,BRONX,208,3267,81,311-22099608,03/01/2025,Yes,03/31/2025,Other,No,,No
1087888,BEND,BROADWAY,MANHATTAN,101,20,1,DOT Internal,06/05/2025,No,,,No,,No
1000502,BROADWAY,THAMES STREET,MANHATTAN,101,49,2,311-22820740,05/06/2025,No,,,No,,No
1091080,BROADWAY,WEST 93 STREET,MANHATTAN,107,1241,20,311-23156932,06/04/2025,Yes,,,No,,No
1090915,BROADWAY,WEST 106 STREET,MANHATTAN,107,1878,1,DOT-390785-J8G1,,,,,No,,
1091559,BROADWAY,WEST 71 STREET,MANHATTAN,107,1163,30,SR# 1-1-1662766811,,,,,No,,
1111325,BROADWAY,LAWTON STREET,BROOKLYN,304,3229,50,1-1-1723187651,06/17/2019,Yes,07/09/2019,Other,No,,
1111269,BELVIDERE STREET,BROADWAY,BROOKLYN,304,3135,1,1-1-1722410151,06/03/2019,Yes,06/24/2019,Other,No,,
1087451,BROADWAY,LEONARD STREET,MANHATTAN,101,170,6,1-1-1707519431,04/09/2019,Yes,04/23/2019,Other,No,,
1025217,BROADWAY,WHITNEY AVENUE,QUEENS,404,1536,85,311-00307216,08/05/2019,Yes,09/06/2019,Other,No,,
1026268,BAXTER AVENUE,BROADWAY,QUEENS,404,1500,2,DOT-443521-X8F3,12/13/2019,Yes,01/13/2020,Other,No,,
1027977,BROADWAY,GRAND AVENUE,QUEENS,404,2851,22,DOT-432038-N3G0,09/25/2019,Yes,10/23/2019,Other,No,,
1091632,BROADWAY,WEST 66 STREET,MANHATTAN,107,1138,7501,311-01298066,12/04/2019,Yes,01/09/2020,Other,No,,
1089478,BROADWAY,EAST 20 STREET,MANHATTAN,105,848,68,311-01054731,11/04/2019,Yes,11/26/2019,Other,No,,
1033858,BROADWAY,MARCUS GARVEY BOULEVARD,BROOKLYN,303,3130,1,1-1-1723197731,06/03/2019,Yes,06/26/2019,Other,No,,
1088353,BROADWAY,WEST 60 STREET,MANHATTAN,107,1113,18,DOT-435517-V4M9,10/28/2019,Yes,11/01/2019,Other,No,,
1089014,BROADWAY,WEST 52 STREET,MANHATTAN,105,1023,18,DOT Internal,05/21/2019,Yes,06/04/2019,Other,No,,
1089069,BROADWAY,WEST 48 STREET,MANHATTAN,105,1019,7501,1-1-1718156071,04/06/2019,Yes,04/23/2019,Other,No,,
1010988,BROADWAY,WEST 232 STREET,BRONX,208,5754,84,311-00658045,09/17/2019,Yes,09/23/2019,Other,No,,
1085176,BROADWAY,EAST 9 STREET,MANHATTAN,102,554,1,311-01274037,12/01/2019,Yes,01/09/2020,Other,No,,
1218447,BROADWAY,DITMARS STREET,BROOKLYN,303,3194,9,1-1-1723187781,06/03/2019,Yes,06/26/2019,Other,No,,
1091560,BROADWAY,WEST 71 STREET,MANHATTAN,107,1143,1,311-00722743,09/25/2019,Yes,10/24/2019,Other,No,,
1096267,BROADWAY,FT WASHINGTON AVENUE,MANHATTAN,112,2137,1,311-00857904,10/12/2019,Yes,10/24/2019,Other,No,,
1091269,BROADWAY,WEST 83 STREET,MANHATTAN,107,1230,43,311-00671727,09/19/2019,Yes,10/18/2019,Other,No,,
1105163,BROADWAY,HAVEMEYER STREET,BROOKLYN,301,2460,1,311-00780306,10/02/2019,Yes,11/01/2019,Other,No,,
1082620,BROADWAY,DONGAN AVENUE,QUEENS,404,1544,36,DOT-433343-H6S5,09/23/2019,No,,,No,,
1025336,BROADWAY,DONGAN AVENUE,QUEENS,404,1581,1,DOT-433343-H6S5,09/23/2019,No,,,No,,
1171276,BROADWAY,WEST 115 STREET,MANHATTAN,109,1896,7501,311-00177265,07/20/2019,No,,,No,,
1096090,BROADWAY,WEST 181 STREET,MANHATTAN,112,2176,133,DOT-430144-W8T3,08/30/2019,No,,,No,,
1096132,BROADWAY,WEST 182 STREET,MANHATTAN,112,2164,16,DOT-430134-V9Z8,08/30/2019,No,,,No,,
1173429,BROADWAY,LEXINGTON AVENUE,BROOKLYN,304,3293,29,DOT-447871-K3V4,01/06/2020,No,,,No,,
1087084,MURRAY STREET,WEST BROADWAY,MANHATTAN,101,126,13,DOT-410064-L8N1,04/02/2019,No,,,No,,
1087111,PARK PLACE,WEST BROADWAY,MANHATTAN,101,125,20,1-1-1735707131,06/14/2019,No,,,No,,
1087455,BROADWAY,FRANKLIN STREET,MANHATTAN,101,171,7,1-1-1717190820,05/09/2019,Yes,05/30/2019,Asphalt Ramp,No,,
1038817,14 STREET,BROADWAY,QUEENS,401,531,17,311-19712254,08/15/2024,Yes,09/19/2024,Other,No,,No
1105762,BROADWAY,KEAP STREET,BROOKLYN,301,2152,17,311-06019562,04/20/2021,Yes,06/02/2021,Other,No,,No
1027978,BROADWAY,GRAND AVENUE,QUEENS,404,2477,15,311-19649661,08/10/2024,Yes,08/16/2024,Other,No,,No
1105883,BROADWAY,WHIPPLE STREET,BROOKLYN,301,2275,11,311-15400460,08/03/2023,Yes,08/18/2023,Other,No,,No
1087016,DUANE STREET,WEST BROADWAY,MANHATTAN,101,146,7502,311-10399423,05/23/2022,No,,,No,,No
1092186,BROADWAY,WEST 145 STREET,MANHATTAN,109,2091,36,DOT-682138-J1N7,01/24/2025,No,,,No,,No
1091638,BROADWAY,WEST 65 STREET,MANHATTAN,107,1134,1,311-08081738,10/20/2021,No,,,No,,No
1092770,BROADWAY,WEST 137 STREET,MANHATTAN,109,2002,50,311-06180838,05/06/2021,Yes,06/12/2021,Other,No,,Yes
1095664,BROADWAY,WEST 178 STREET,MANHATTAN,112,2176,17,311-15392221,08/02/2023,Yes,08/22/2023,Other,No,,No
1092757,BROADWAY,WEST 135 STREET,MANHATTAN,109,2001,5,311-06180838,05/06/2021,Yes,06/12/2021,Other,No,,Yes
1091497,BROADWAY,WEST 75 STREET,MANHATTAN,107,1167,7501,DOT-450282-N0Z6,02/05/2020,Yes,03/20/2020,Other,No,,No
1092769,BROADWAY,WEST 137 STREET,MANHATTAN,109,2086,29,311-02758677,06/13/2020,Yes,07/21/2020,Other,Yes,08/04/2021,No
1105164,BROADWAY,HAVEMEYER STREET,BROOKLYN,301,2141,1,311-21317719,12/27/2024,Yes,01/13/2025,Other,No,,No
1096421,BROADWAY,THAYER STREET,MANHATTAN,112,2175,45,DOT Internal,01/03/2022,No,,,No,,No
1088354,BROADWAY,WEST 60 STREET,MANHATTAN,107,1113,7502,311-14819094,06/14/2023,No,,,No,,No
1089320,BROADWAY,WEST 27 STREET,MANHATTAN,105,828,41,DOT-659032-F1B1,07/24/2024,No,,,No,,No
1092379,BROADWAY,WEST 131 STREET,MANHATTAN,109,1984,1,311-14166508,04/17/2023,Yes,04/28/2023,Other,No,,No
1087452,BROADWAY,FRANKLIN STREET,MANHATTAN,101,174,7505,311-11914156,09/27/2022,Yes,10/24/2022,Asphalt Ramp,No,,No
1087440,BROADWAY,THOMAS STREET,MANHATTAN,101,151,28,311-12090610,10/12/2022,No,,,No,,No
1095762,BROADWAY,WEST 166 STREET,MANHATTAN,112,2124,65,DOT-561446-B6T7,08/18/2022,Yes,12/02/2022,Asphalt Ramp,No,,Yes
1095663,BROADWAY,WEST 178 STREET,MANHATTAN,112,2176,70,311-21113410,12/10/2024,Yes,01/15/2025,Other,No,,No
1010910,BROADWAY,KIMBERLY PLACE,BRONX,208,5700,95,311-20434405,10/15/2024,Yes,10/18/2024,Other,No,,No
1088355,BROADWAY,WEST 60 STREET,MANHATTAN,107,1113,7502,DOT-483446-D1D2,11/30/2020,No,,,No,,No
1087108,PARK PLACE,WEST BROADWAY,MANHATTAN,101,127,1,311-06657820,06/19/2021,No,,,No,,No
1095972,ACADEMY STREET,BROADWAY,MANHATTAN,112,2238,42,311-06332906,05/21/2021,Yes,06/17/2021,Other,No,,No
1105875,BARTLETT STREET,BROADWAY,BROOKLYN,301,2273,6,DOT-636002-Y0Z2,02/13/2024,Yes,03/18/2024,Other,No,,No
1089405,BROADWAY,EAST 23 STREET,MANHATTAN,105,851,7501,DOT-491071-P7N7,02/09/2021,Yes,03/17/2021,Other,No,,No
1087888,BEND,BROADWAY,MANHATTAN,101,20,1,311-18092716,03/29/2024,Yes,04/16/2024,Other,No,,No
1091179,BROADWAY,WEST 91 STREET,MANHATTAN,107,1238,46,311-18749450,05/28/2024,Yes,06/12/2024,Other,No,,No
1113701,BROADWAY,CONWAY STREET,BROOKLYN,316,3474,1,DOT-442826-K7B3,12/12/2019,No,,,No,,No
1087133,ANN STREET,BROADWAY,MANHATTAN,101,90,1,311-17797215,03/01/2024,Yes,04/10/2024,Other,No,,No
1091178,BROADWAY,WEST 91 STREET,MANHATTAN,107,1239,23,311-15280357,07/24/2023,No,,,No,,No
1091284,BROADWAY,WEST 80 STREET,MANHATTAN,107,1227,54,311-09817987,03/30/2022,Yes,04/28/2022,Other,No,,No
1087317,BROADWAY,LIBERTY STREET,MANHATTAN,101,64,12,311-16333061,10/24/2023,Yes,11/21/2023,Other,No,,No
1095934,BROADWAY,ISHAM STREET,MANHATTAN,112,2242,51,DOT-475223-Y7N9,09/25/2020,No,,,No,,No
1087102,BROADWAY,READE STREET,MANHATTAN,101,150,38,311-10442770,05/27/2022,Yes,07/08/2022,Other,No,,No
1086740,EAST BROADWAY,GRAND STREET,MANHATTAN,103,288,15,311-01911630,02/25/2020,Yes,03/18/2020,Other,No,,No
1091280,BROADWAY,WEST 81 STREET,MANHATTAN,107,1229,7502,311-11741948,09/13/2022,Yes,09/16/2022,Other,No,,No
1089069,BROADWAY,WEST 48 STREET,MANHATTAN,105,1019,7501,DOT Internal,06/21/2023,Yes,07/17/2023,Other,No,,No
1095980,BROADWAY,CUMMING STREET,MANHATTAN,112,2237,59,311-19671811,08/12/2024,Yes,10/25/2024,Other,No,,No
1091004,BROADWAY,WEST 99 STREET,MANHATTAN,107,1870,52,311-17544514,02/06/2024,Yes,03/14/2024,Other,No,,No
1087015,DUANE STREET,WEST BROADWAY,MANHATTAN,101,144,32,DOT Internal,03/21/2022,No,,,No,,No
1095576,BROADWAY,ST NICHOLAS AVENUE,MANHATTAN,112,2138,102,311-10821899,06/28/2022,No,,,No,,No
1113703,BROADWAY,CONWAY STREET,BROOKLYN,316,1544,21,DOT-442826-K7B3,12/12/2019,No,,,No,,No
1092763,BROADWAY,HAMILTON PLACE,MANHATTAN,109,2002,34,311-06180838,05/06/2021,Yes,06/12/2021,Other,No,,Yes
1212066,BROADWAY,GRAND AVENUE,QUEENS,404,2851,22,311-01479768,12/27/2019,Yes,01/28/2020,,No,,No
1092637,BROADWAY,WEST 111 STREET,MANHATTAN,109,1882,61,DOT Internal,03/15/2022,No,,,No,,No
1092760,BROADWAY,WEST 135 STREET,MANHATTAN,109,1988,1,311-06180838,05/06/2021,Yes,06/12/2021,Other,No,,Yes
1087155,BROADWAY,MURRAY STREET,MANHATTAN,101,134,7501,311-14683431,06/02/2023,Yes,06/08/2023,Other,No,,No
1089511,BROADWAY,EAST 18 STREET,MANHATTAN,105,846,60,311-10722198,06/19/2022,Yes,08/04/2022,Other,No,,No
1173429,BROADWAY,LEXINGTON AVENUE,BROOKLYN,304,3293,29,311-15453672,08/08/2023,No,,,No,,No
1095573,BROADWAY,ST NICHOLAS AVENUE,MANHATTAN,112,2138,165,311-10821899,06/28/2022,No,,,No,,No
1092366,BROADWAY,WEST 133 STREET,MANHATTAN,109,1987,1,311-13994647,03/31/2023,Yes,04/04/2023,Other,No,,No
1171260,BROADWAY,WEST 107 STREET,MANHATTAN,107,1892,19,311-14155280,04/16/2023,Yes,04/24/2023,Other,No,,No
1095570,BROADWAY,WEST 170 STREET,MANHATTAN,112,2142,22,DOT-561446-B6T7,08/18/2022,Yes,12/05/2022,Other,No,,Yes
1003040,BROADWAY,WEST 168 STREET,MANHATTAN,112,2138,24,311-10331466,05/18/2022,Yes,07/01/2022,Other,No,,No
1175079,EAST BROADWAY,JEFFERSON STREET,MANHATTAN,103,285,29,311-13498079,02/16/2023,No,,,No,,No
1088354,BROADWAY,WEST 60 STREET,MANHATTAN,107,1113,7502,DOT-449779-B8S5,01/31/2020,No,,,No,,No
1091173,BROADWAY,WEST 90 STREET,MANHATTAN,107,1237,17,311-14437777,05/11/2023,Yes,06/06/2023,Other,No,,No
1171175,WEST 47 STREET BIKE PATH,BROADWAY,MANHATTAN,105,1019,7501,DOT-600822-M9G8,06/14/2023,Yes,07/28/2023,Other,No,,No
1091240,BROADWAY,WEST 85 STREET,MANHATTAN,107,1233,16,DOT-580234-R3X0,01/31/2023,Yes,02/08/2023,Other,No,,No
1095569,BROADWAY,WEST 170 STREET,MANHATTAN,112,2138,159,DOT-561446-B6T7,08/18/2022,Yes,12/05/2022,Other,No,,Yes
1089484,BROADWAY,EAST 19 STREET,MANHATTAN,105,848,7502,311-18257879,04/13/2024,Yes,06/04/2024,Asphalt Ramp,No,,No
1026272,BAXTER AVENUE,BROADWAY,QUEENS,404,1509,1,311-12378088,11/06/2022,Yes,12/29/2022,Other,No,,No
1091015,BROADWAY,WEST 98 STREET,MANHATTAN,107,1870,7502,DOT Internal,09/04/2024,Yes,09/10/2024,Other,No,,No
1092637,BROADWAY,WEST 111 STREET,MANHATTAN,109,1882,61,DOT-554180-T9G9,09/15/2022,Yes,10/24/2022,Other,No,,No
1095574,BROADWAY,ST NICHOLAS AVENUE,MANHATTAN,112,2126,1,311-10821899,06/28/2022,No,,,No,,No
1091281,BROADWAY,WEST 81 STREET,MANHATTAN,107,1228,7501,311-14179722,04/18/2023,Yes,04/28/2023,Other,No,,No
1026267,82 STREET,BROADWAY,QUEENS,404,1527,7502,DOT-535672-R0N0,02/25/2022,No,,,No,,No
1091387,BROADWAY,WEST 110 STREET,MANHATTAN,107,1894,11,311-20353264,10/08/2024,Yes,10/18/2024,Other,No,,No
1089479,BROADWAY,EAST 20 STREET,MANHATTAN,105,849,10,311-06163543,05/04/2021,Yes,06/12/2021,Asphalt Ramp,No,,No
1091723,BROADWAY,WEST 63 STREET,MANHATTAN,107,1115,7503,311-13283326,01/28/2023,Yes,02/03/2023,Other,No,,No
1084944,BROADWAY,PRINCE STREET,MANHATTAN,102,512,23,311-12297834,10/30/2022,Yes,11/29/2022,Other,No,,No
1089481,BROADWAY,EAST 20 STREET,MANHATTAN,105,848,61,311-06163543,05/04/2021,No,,,No,,No
1105844,BROADWAY,WALTON STREET,BROOKLYN,301,2247,13,311-08673769,12/10/2021,No,,,No,,No
1092761,BROADWAY,WEST 135 STREET,MANHATTAN,109,2001,5,311-06180838,05/06/2021,No,,,No,,Yes
1091152,BROADWAY,WEST 87 STREET,MANHATTAN,107,1234,7501,DOT-470661-B1K3,08/28/2020,Yes,09/23/2020,Other,No,,No
1095566,BROADWAY,WEST 171 STREET,MANHATTAN,112,2142,66,DOT-561446-B6T7,08/18/2022,Yes,12/05/2022,Other,No,,Yes
1091011,BROADWAY,WEST 98 STREET,MANHATTAN,107,1870,7501,311-10742205,06/21/2022,Yes,08/03/2022,Other,No,,No
1091708,BROADWAY,WEST 61 STREET,MANHATTAN,107,1113,47,311-13042130,01/05/2023,Yes,01/27/2023,Other,No,,No
1025097,75 STREET,BROADWAY,QUEENS,404,1486,13,311-12355143,11/04/2022,No,,,No,,No
1091292,BROADWAY,WEST 79 STREET,MANHATTAN,107,1227,13,311-11935131,09/29/2022,Yes,11/30/2022,Other,No,,No
1092365,BROADWAY,WEST 133 STREET,MANHATTAN,109,2001,5,311-13994647,03/31/2023,Yes,04/04/2023,Other,No,,No
1089322,BROADWAY,WEST 26 STREET,MANHATTAN,105,828,25,311-16446441,11/02/2023,Yes,11/21/2023,Other,No,,No
1096287,BROADWAY,WEST 157 STREET,MANHATTAN,112,2116,1,DOT Internal,01/17/2025,Yes,01/17/2025,Other,No,,No
1242697,BROADWAY,LEXINGTON AVENUE,BROOKLYN,304,3293,25,DOT-656090-S3C9,07/01/2024,No,,,No,,No
1091580,BROADWAY,WEST 69 STREET,MANHATTAN,107,1141,13,311-10032585,04/20/2022,Yes,05/13/2022,Other,No,,No
1092641,BROADWAY,WEST 112 STREET,MANHATTAN,109,1895,16,311-09662408,03/15/2022,Yes,03/30/2022,Other,No,,No
1091624,BROADWAY,WEST 67 STREET,MANHATTAN,107,1138,7502,311-09474077,02/24/2022,Yes,03/04/2022,Other,No,,No
1092738,BROADWAY,LA SALLE STREET,MANHATTAN,109,1993,73,311-19788909,08/22/2024,Yes,09/04/2024,Other,No,,No
1089058,BROADWAY,WEST 50 STREET,MANHATTAN,105,1021,45,311-08842664,12/28/2021,Yes,01/21/2022,Other,No,,No
1092643,BROADWAY,WEST 112 STREET,MANHATTAN,109,1883,59,311-19260939,07/08/2024,Yes,07/24/2024,Other,No,,No
1095573,BROADWAY,ST NICHOLAS AVENUE,MANHATTAN,112,2138,165,DOT-561446-B6T7,08/18/2022,No,,,No,,No
1092762,BROADWAY,WEST 135 STREET,MANHATTAN,109,1988,74,311-06180838,05/06/2021,No,,,No,,Yes
1105162,BROADWAY,HAVEMEYER STREET,BROOKLYN,301,2446,56,311-21317719,12/27/2024,Yes,01/16/2025,Other,No,,No
1091551,BROADWAY,WEST 72 STREET,MANHATTAN,107,1163,7503,311-15178294,07/15/2023,Yes,08/18/2023,Other,No,,No
1178237,CANAL STREET,EAST BROADWAY,MANHATTAN,103,284,25,311-09589590,03/08/2022,No,,,No,,No
1087102,BROADWAY,READE STREET,MANHATTAN,101,150,38,311-20522985,10/22/2024,Yes,11/04/2024,Other,No,,No
1139939,BROADWAY,SOUTH 9 STREET,BROOKLYN,301,2151,18,311-04272017,10/13/2020,Yes,11/23/2020,Other,No,,No
1091721,BROADWAY,WEST 63 STREET,MANHATTAN,107,1116,1,Pick-Up,02/07/2023,Yes,02/07/2023,,No,,No
1095575,BROADWAY,ST NICHOLAS AVENUE,MANHATTAN,112,2125,1,311-10821899,06/28/2022,No,,,No,,No
1105764,BROADWAY,KEAP STREET,BROOKLYN,301,2153,1,311-16501598,11/06/2023,Yes,11/30/2023,Other,No,,No
1089397,5 AVENUE,BROADWAY,MANHATTAN,105,852,1,DOT Internal,12/15/2022,Yes,01/06/2023,Other,No,,No
1086453,EAST BROADWAY,MARKET STREET,MANHATTAN,103,280,27,311-10160369,05/02/2022,Yes,06/11/2022,Other,No,,No
1085095,BROADWAY,GREAT JONES STREET,MANHATTAN,102,535,7501,DOT-497626-N0H7,04/06/2021,Yes,04/28/2021,Other,No,,No
1092642,BROADWAY,WEST 112 STREET,MANHATTAN,109,1884,1,311-19260939,07/08/2024,Yes,07/24/2024,Other,No,,No
1092188,BROADWAY,WEST 145 STREET,MANHATTAN,109,2077,1,311-09686468,03/17/2022,Yes,04/30/2022,Asphalt Ramp,No,,No
1087454,BROADWAY,FRANKLIN STREET,MANHATTAN,101,172,1,311-13305613,01/29/2023,Yes,02/09/2023,Other,No,,No
1105165,BROADWAY,HAVEMEYER STREET,BROOKLYN,301,2140,21,311-21317719,12/27/2024,Yes,01/13/2025,Other,No,,No
1091708,BROADWAY,WEST 61 STREET,MANHATTAN,107,1113,47,311-13533074,02/19/2023,Yes,03/23/2023,Other,No,,No
1105754,BROADWAY,SOUTH 9 STREET,BROOKLYN,301,2152,2,311-04272017,10/13/2020,Yes,11/23/2020,Other,No,,No
1111788,BROADWAY,COVERT STREET,BROOKLYN,316,3420,8,311-08352429,11/10/2021,Yes,12/23/2021,Other,No,,No
1089485,BROADWAY,EAST 19 STREET,MANHATTAN,105,847,7501,311-18257879,04/13/2024,Yes,06/04/2024,Asphalt Ramp,No,,No
1091620,BROADWAY,WEST 68 STREET,MANHATTAN,107,1140,7502,311-18384849,04/25/2024,Yes,05/01/2024,Other,No,,No
1096267,BROADWAY,FT WASHINGTON AVENUE,MANHATTAN,112,2137,1,311-10890556,07/03/2022,Yes,08/03/2022,Other,No,,No
1092713,BROADWAY,WEST 121 STREET,MANHATTAN,109,1992,13,311-13145626,01/15/2023,Yes,02/03/2023,Other,No,,No
1113704,BROADWAY,CONWAY STREET,BROOKLYN,316,1544,21,DOT-442826-K7B3,12/12/2019,Yes,03/24/2020,Other,No,,No
1082621,BROADWAY,DONGAN AVENUE,QUEENS,404,1580,4,311-18472242,05/03/2024,No,,,No,,No
1087858,BEAVER STREET,BROADWAY,MANHATTAN,101,12,28,DOT Internal,06/15/2023,Yes,06/15/2023,Other,No,,No
1173430,BROADWAY,RALPH AVENUE,BROOKLYN,304,3293,43,311-09594446,03/08/2022,No,,,No,,No
1092634,BROADWAY,WEST 111 STREET,MANHATTAN,109,1894,7501,311-20637848,10/31/2024,Yes,11/08/2024,Other,No,,No
1026272,BAXTER AVENUE,BROADWAY,QUEENS,404,1509,1,311-01971239,03/04/2020,Yes,01/27/2021,Other,No,,No
1091621,BROADWAY,WEST 68 STREET,MANHATTAN,107,1139,7503,311-18384849,04/25/2024,No,,,No,,No
1091079,BROADWAY,WEST 93 STREET,MANHATTAN,107,1241,10,311-15629997,08/23/2023,Yes,10/03/2023,Other,No,,No
1092758,BROADWAY,WEST 135 STREET,MANHATTAN,109,2002,33,311-06180838,05/06/2021,Yes,06/12/2021,Other,No,,Yes
1092647,BROADWAY,WEST 113 STREET,MANHATTAN,109,1895,23,311-01819922,02/12/2020,No,,,No,,No
1105876,BROADWAY,WHIPPLE STREET,BROOKLYN,301,2273,16,311-15400460,08/03/2023,Yes,08/18/2023,Other,No,,No
1095574,BROADWAY,ST NICHOLAS AVENUE,MANHATTAN,112,2126,1,DOT-561446-B6T7,08/18/2022,Yes,12/05/2022,Other,No,,Yes
1010913,BROADWAY,KIMBERLY PLACE,BRONX,208,3266,13,DOT-453635-N1Q6,03/03/2020,Yes,03/16/2020,Other,No,,No
1359457,BROADWAY,COLUMBUS AVENUE,MANHATTAN,107,1134,1,311-07766414,09/23/2021,Yes,11/06/2021,Other,No,,No
1087163,BROADWAY,CHAMBERS STREET,MANHATTAN,101,149,33,311-10442758,05/27/2022,Yes,07/08/2022,Other,No,,No
1089320,BROADWAY,WEST 27 STREET,MANHATTAN,105,828,41,DOT-637093-B2J2,02/22/2024,Yes,03/22/2024,Other,No,,No
1089200,BROADWAY,WEST 37 STREET,MANHATTAN,105,813,23,311-10664477,06/14/2022,Yes,08/10/2022,Other,No,,No
1092717,BROADWAY,NYCTA SUBWAY,MANHATTAN,109,1992,13,311-06574658,06/12/2021,Yes,06/30/2021,Other,No,,No
1091153,BROADWAY,WEST 87 STREET,MANHATTAN,107,1235,10,DOT-612050-B9T7,08/23/2023,Yes,01/12/2024,Other,No,,No
1087097,BROADWAY,DUANE STREET,MANHATTAN,101,150,31,311-13855003,03/20/2023,Yes,04/03/2023,Other,No,,No
1087109,PARK PLACE,WEST BROADWAY,MANHATTAN,101,127,18,311-06657820,06/19/2021,Yes,08/02/2021,Other,No,,No
1198658,BEAVER STREET,BROADWAY,MANHATTAN,101,11,1,DOT-635111-K1Z1,02/05/2024,No,,,No,,No
1087150,BROADWAY,PARK PLACE,MANHATTAN,101,123,7501,311-11098954,07/21/2022,Yes,08/09/2022,Other,No,,No
1092737,BROADWAY,LA SALLE STREET,MANHATTAN,109,1993,37,311-09144137,01/25/2022,Yes,03/02/2022,Other,No,,No
1092717,BROADWAY,NYCTA SUBWAY,MANHATTAN,109,1992,13,311-16346439,10/25/2023,Yes,11/27/2023,Other,No,,No
1087110,PARK PLACE,WEST BROADWAY,MANHATTAN,101,126,13,311-07620634,09/11/2021,Yes,11/03/2021,Other,No,,No
1202463,5 AVENUE,BROADWAY,MANHATTAN,105,852,1,DOT Internal,12/15/2022,Yes,12/20/2022,Other,No,,No
1038693,32 STREET,BROADWAY,QUEENS,401,613,1,311-04118020,09/28/2020,Yes,10/19/2020,Other,No,,No
1179465,BROADWAY,WEST 55 STREET,MANHATTAN,105,1027,20,DOT Internal,04/01/2021,Yes,04/30/2021,Other,No,,No
1361583,BROADWAY,PUTNAM AVENUE,BROOKLYN,304,3373,7,DOT-655264-M1D5,06/25/2024,No,,,No,,No
1025099,76 STREET,BROADWAY,QUEENS,404,1486,51,DOT-610935-W9V4,09/05/2023,Yes,11/09/2023,Other,No,,No
1091625,BROADWAY,WEST 67 STREET,MANHATTAN,107,1139,14,DOT-585933-N6G3,03/20/2023,No,,,No,,No
1087164,BROADWAY,CHAMBERS STREET,MANHATTAN,101,153,1,311-10766216,06/23/2022,Yes,11/01/2022,Other,No,,No
1105163,BROADWAY,HAVEMEYER STREET,BROOKLYN,301,2460,1,311-21317719,12/27/2024,Yes,01/13/2025,Other,No,,No
1198571,BEAVER STREET,BROADWAY,MANHATTAN,101,12,1,311-14953214,06/16/2023,Yes,07/25/2023,Other,No,,No
1180923,BROADWAY,WEST 54 STREET,MANHATTAN,105,1026,21,311-17869034,03/08/2024,Yes,04/10/2024,Other,No,,No
1087371,BROADWAY,DEY STREET,MANHATTAN,101,80,1,311-09547114,03/04/2022,Yes,03/18/2022,Other,No,,No
1025096,75 STREET,BROADWAY,QUEENS,404,1485,23,DOT-576132-L9C5,12/19/2022,Yes,01/31/2023,Other,No,,No
1091010,BROADWAY,WEST 98 STREET,MANHATTAN,107,1869,7503,DOT Internal,09/04/2024,Yes,09/10/2024,Other,No,,No
1095048,9 AVENUE,BROADWAY,MANHATTAN,112,2215,874,DOT-605808-X0G4,07/18/2023,No,,,No,,No
1088355,BROADWAY,WEST 60 STREET,MANHATTAN,107,1113,7502,311-14819094,06/14/2023,No,,,No,,No
